id,group
aft_sc_stock_adapter,AFT SC Stock
aft_sc_stock_adjustment_lever,AFT SC Stock
aft_sc_stock_adjustment_rail,AFT SC Stock
aft_sc_stock_buttpad,AFT SC Stock
aft_sc_stock_cheekpad,AFT SC Stock
hk_psg1_stock_base,SKG-31 Stock
hk_psg1_stock_buttpad,SKG-31 Stock
hk_psg1_stock_cheek_rest,SKG-31 Stock
veles_pt_3_base_part,Veles PT-3 Stock
veles_pt_3_buttpad,Veles PT-3 Stock
veles_pt_3_cheekpad,Veles PT-3 Stock
talvern_m7a1_pdw_base_stock,Troy M7A1 PDW Stock
talvern_m7a1_pdw_extendable_stock,Troy M7A1 PDW Stock
magtap_prs_gen3_stock,Magtap PRS Gen3 Stock
prs_adjustable_piece,Magtap PRS Gen3 Stock
prs_gen3_buttpad,Magtap PRS Gen3 Stock
resiliant_suppressors_obsidian_9_body,Resiliant Suppressors Obsidian9 9x19
resiliant_suppressors_obsidian_9_cap,Resiliant Suppressors Obsidian9 9x19
magtap_xtm_enhanced_half_panel_1,Magtap XTM Enhanced Modular Half Panel
magtap_xtm_enhanced_half_panel_2,Magtap XTM Enhanced Modular Half Panel
aft_stock_cheek_piece,AFT Stock
aft_stock_connector,AFT Stock
aft_stock_shoulder_piece,AFT Stock
insight_technology_an_paq_4a_carry_handle_mount,Percept Technology AN/PAQ-4A
insight_technology_an_paq_4a_ir_laser,Percept Technology AN/PAQ-4A
